<?xml version="1.0" encoding="utf-8"?>
<Root>
  <FromSite>20170704200502</FromSite>
  <Item>
    <LS KOD="11040055">
      <SCH>
        <SCH ID="11040055.1" NAIM="Водосчетчик ХВ" TYPE="Водосчетчик ХВ" NOMER="31669237" TEKPOKAZANIE="203.000" DATE="2017-07-04 15:50:12"/>
        <SCH ID="11040055.3" NAIM="Счетчик э/э" TYPE="Счетчик э/э" NOMER="007227313" TEKPOKAZANIE="5626.000" DATE="2017-07-04 15:50:12"/>
        <SCH ID="11040055.4" NAIM="Водосчетчик ГВ" TYPE="Водосчетчик ГВ" NOMER="16010273" TEKPOKAZANIE="123.000" DATE="2017-07-04 15:50:12"/>
      </SCH>
    </LS>
    <LS KOD="11010133">
      <SCH>
        <SCH ID="11010133.1" NAIM="Ванна  ХВ" TYPE="Водосчетчик ХВ" NOMER="32926321" TEKPOKAZANIE="289.000" DATE="2017-07-04 08:01:52"/>
        <SCH ID="11010133.2" NAIM="Ванна  ГВ" TYPE="Водосчетчик ГВ" NOMER="32916920" TEKPOKAZANIE="176.000" DATE="2017-07-04 08:01:52"/>
        <SCH ID="11010133.5" NAIM="Счетчик э/э" TYPE="Счетчик э/э" NOMER="013856013" TEKPOKAZANIE="5900.000" DATE="2017-07-04 08:01:52"/>
      </SCH>
    </LS>
  </Item>
</Root>
