<?xml version="1.0" encoding="utf-8"?>
<Root>
  <FromSite>20130925133002</FromSite>
  <Item>
    <LS KOD="08280185">
      <SCH>
        <SCH ID="08280185.1" NAIM="Водосчетчик ХВ" TYPE="Водосчетчик ХВ" NOMER="11390350" TEKPOKAZANIE="158.000" DATE="2013-09-22 13:07:20"/>
        <SCH ID="08280185.2" NAIM="Водосчетчик ГВ" TYPE="Водосчетчик ГВ" NOMER="21847444" TEKPOKAZANIE="93.500" DATE="2013-09-22 13:09:18"/>
      </SCH>
    </LS>
    <LS KOD="04170061">
      <SCH>
        <SCH ID="04170061.1" NAIM="Водосчетчик ГВ" TYPE="Водосчетчик ГВ" NOMER="1019062257108" TEKPOKAZANIE="216.000" DATE="2013-09-23 11:24:01"/>
        <SCH ID="04170061.2" NAIM="Водосчетчик ХВ" TYPE="Водосчетчик ХВ" NOMER="1019057817904" TEKPOKAZANIE="327.000" DATE="2013-09-23 11:24:01"/>
      </SCH>
    </LS>
    <LS KOD="07060070">
      <SCH>
        <SCH ID="07060070.1" NAIM="Водосчетчик ГВ" TYPE="Водосчетчик ГВ" NOMER="14220737" TEKPOKAZANIE="96.000" DATE="2013-09-24 11:27:12"/>
        <SCH ID="07060070.2" NAIM="Водосчетчик ГВ" TYPE="Водосчетчик ГВ" NOMER="14232529" TEKPOKAZANIE="186.000" DATE="2013-09-24 11:27:12"/>
        <SCH ID="07060070.3" NAIM="Водосчетчик ХВ" TYPE="Водосчетчик ХВ" NOMER="14220761" TEKPOKAZANIE="261.000" DATE="2013-09-24 11:27:12"/>
        <SCH ID="07060070.4" NAIM="Водосчетчик ХВ" TYPE="Водосчетчик ХВ" NOMER="14220576" TEKPOKAZANIE="126.000" DATE="2013-09-24 11:27:12"/>
      </SCH>
    </LS>
    <LS KOD="07060060">
      <SCH>
        <SCH ID="07060060.1" NAIM="Водосчетчик ХВ" TYPE="Водосчетчик ХВ" NOMER="10864083" TEKPOKAZANIE="220.000" DATE="2013-09-23 13:11:23"/>
        <SCH ID="07060060.2" NAIM="Водосчетчик ГВ" TYPE="Водосчетчик ГВ" NOMER="17478148" TEKPOKAZANIE="101.000" DATE="2013-09-23 13:11:23"/>
      </SCH>
    </LS>
    <LS KOD="08300185">
      <SCH>
        <SCH ID="08300185.1" NAIM="Водосчетчик ХВ" TYPE="Водосчетчик ХВ" NOMER="1012012888605" TEKPOKAZANIE="6.000" DATE="2013-09-25 08:27:48"/>
        <SCH ID="08300185.2" NAIM="Водосчетчик ГВ" TYPE="Водосчетчик ГВ" NOMER="1012012888100" TEKPOKAZANIE="2.000" DATE="2013-09-25 08:27:48"/>
      </SCH>
    </LS>
    <LS KOD="08280023">
      <SCH>
        <SCH ID="08280023.2" NAIM="Водосчетчик ХВ" TYPE="Водосчетчик ХВ" NOMER="2905884" TEKPOKAZANIE="250.000" DATE="2013-09-22 16:09:46"/>
        <SCH ID="08280023.3" NAIM="Водосчетчик ГВ" TYPE="Водосчетчик ГВ" NOMER="3099985" TEKPOKAZANIE="187.000" DATE="2013-09-22 16:09:46"/>
      </SCH>
    </LS>
    <LS KOD="08300207">
      <SCH>
        <SCH ID="08300207.1" NAIM="Водосчетчик ХВ" TYPE="Водосчетчик ХВ" NOMER="390106" TEKPOKAZANIE="45.000" DATE="2013-09-23 16:03:32"/>
        <SCH ID="08300207.2" NAIM="Водосчетчик ГВ" TYPE="Водосчетчик ГВ" NOMER="566590" TEKPOKAZANIE="16.000" DATE="2013-09-23 16:03:32"/>
        <SCH ID="08300207.3" NAIM="Счетчик э/э" TYPE="Счетчик э/э" NOMER="82662612" TEKPOKAZANIE="1231.000" DATE="2013-09-23 16:03:32"/>
      </SCH>
    </LS>
    <LS KOD="08280136">
      <SCH>
        <SCH ID="08280136.1" NAIM="Водосчетчик ХВ" TYPE="Водосчетчик ХВ" NOMER="20622649" TEKPOKAZANIE="196.000" DATE="2013-09-23 21:24:46"/>
        <SCH ID="08280136.2" NAIM="Водосчетчик ГВ" TYPE="Водосчетчик ГВ" NOMER="20622682" TEKPOKAZANIE="104.000" DATE="2013-09-23 21:24:46"/>
      </SCH>
    </LS>
    <LS KOD="07060058">
      <SCH>
        <SCH ID="07060058.1" NAIM="Кухня ХВ" TYPE="Водосчетчик ХВ" NOMER="10773186" TEKPOKAZANIE="100113.000" DATE="2013-09-20 11:07:00"/>
        <SCH ID="07060058.2" NAIM="Кухня ГВ" TYPE="Водосчетчик ГВ" NOMER="17001056" TEKPOKAZANIE="78.000" DATE="2013-09-20 11:07:00"/>
        <SCH ID="07060058.3" NAIM="ванна ХВ" TYPE="Водосчетчик ХВ" NOMER="10773225" TEKPOKAZANIE="170.000" DATE="2013-09-20 11:07:00"/>
        <SCH ID="07060058.4" NAIM="ваннаГВ" TYPE="Водосчетчик ГВ" NOMER="18964100" TEKPOKAZANIE="100.000" DATE="2013-09-20 11:07:00"/>
      </SCH>
    </LS>
    <LS KOD="08280082">
      <SCH>
        <SCH ID="08280082.2" NAIM="С/У ХВ" TYPE="Водосчетчик ХВ" NOMER="26082465" TEKPOKAZANIE="93.000" DATE="2013-09-23 21:54:08"/>
        <SCH ID="08280082.3" NAIM="С/У ГВ" TYPE="Водосчетчик ГВ" NOMER="25099752" TEKPOKAZANIE="42.000" DATE="2013-09-23 21:54:08"/>
        <SCH ID="08280082.4" NAIM="Кухня  ХВ" TYPE="Водосчетчик ХВ" NOMER="26082522" TEKPOKAZANIE="8.100" DATE="2013-09-23 21:54:08"/>
        <SCH ID="08280082.5" NAIM="Кухня ГВ" TYPE="Водосчетчик ГВ" NOMER="25100745" TEKPOKAZANIE="4.000" DATE="2013-09-23 21:54:08"/>
      </SCH>
    </LS>
    <LS KOD="07060039">
      <SCH>
        <SCH ID="07060039.1" NAIM="Водосчетчик ХВ" TYPE="Водосчетчик ХВ" NOMER="13766344" TEKPOKAZANIE="500.090" DATE="2013-09-22 17:39:03"/>
        <SCH ID="07060039.2" NAIM="Водосчетчик ГВ" TYPE="Водосчетчик ГВ" NOMER="13766324" TEKPOKAZANIE="337.260" DATE="2013-09-22 17:39:03"/>
      </SCH>
    </LS>
    <LS KOD="04170022">
      <SCH>
        <SCH ID="04170022.1" NAIM="Водосчетчик ГВ" TYPE="Водосчетчик ГВ" NOMER="14323057" TEKPOKAZANIE="207.000" DATE="2013-09-23 17:51:27"/>
        <SCH ID="04170022.2" NAIM="Водосчетчик ХВ" TYPE="Водосчетчик ХВ" NOMER="14323051" TEKPOKAZANIE="391.000" DATE="2013-09-23 17:51:27"/>
      </SCH>
    </LS>
    <LS KOD="08280225">
      <SCH>
        <SCH ID="08280225.1" NAIM="ВаннаХВ" TYPE="Водосчетчик ХВ" NOMER="21408424" TEKPOKAZANIE="123.000" DATE="2013-09-21 19:26:20"/>
        <SCH ID="08280225.2" NAIM="Ванна ГВ" TYPE="Водосчетчик ГВ" NOMER="21408090" TEKPOKAZANIE="93.000" DATE="2013-09-21 19:26:20"/>
        <SCH ID="08280225.3" NAIM="Кухня ХВ" TYPE="Водосчетчик ХВ" NOMER="21408086" TEKPOKAZANIE="7.700" DATE="2013-09-21 19:28:00"/>
        <SCH ID="08280225.4" NAIM="Кухня ГВ" TYPE="Водосчетчик ГВ" NOMER="21408416" TEKPOKAZANIE="6.100" DATE="2013-09-21 19:28:00"/>
      </SCH>
    </LS>
    <LS KOD="08300031">
      <SCH>
        <SCH ID="08300031.1" NAIM="Водосчетчик ХВ" TYPE="Водосчетчик ХВ" NOMER="1082491" TEKPOKAZANIE="16.200" DATE="2013-09-20 22:51:44"/>
        <SCH ID="08300031.2" NAIM="Водосчетчик ГВ" TYPE="Водосчетчик ГВ" NOMER="1092469" TEKPOKAZANIE="3.300" DATE="2013-09-20 22:51:44"/>
      </SCH>
    </LS>
    <LS KOD="04150055">
      <SCH>
        <SCH ID="04150055.1" NAIM="Водосчетчик ГВ" TYPE="Водосчетчик ГВ" NOMER="12162896" TEKPOKAZANIE="155.000" DATE="2013-09-23 21:37:59"/>
        <SCH ID="04150055.2" NAIM="Водосчетчик ХВ" TYPE="Водосчетчик ХВ" NOMER="12162808" TEKPOKAZANIE="220.000" DATE="2013-09-23 21:37:59"/>
      </SCH>
    </LS>
    <LS KOD="08300084">
      <SCH>
        <SCH ID="08300084.1" NAIM="Водосчетчик ХВ" TYPE="Водосчетчик ХВ" NOMER="26082878" TEKPOKAZANIE="39.000" DATE="2013-09-23 12:59:37"/>
        <SCH ID="08300084.2" NAIM="Водосчетчик ГВ" TYPE="Водосчетчик ГВ" NOMER="26147555" TEKPOKAZANIE="33.000" DATE="2013-09-23 12:59:37"/>
      </SCH>
    </LS>
    <LS KOD="04110008">
      <SCH>
        <SCH ID="04110008.1" NAIM="Водосчетчик ГВ" TYPE="Водосчетчик ГВ" NOMER="7083886" TEKPOKAZANIE="550.000" DATE="2013-09-25 08:15:06"/>
        <SCH ID="04110008.2" NAIM="Водосчетчик ХВ" TYPE="Водосчетчик ХВ" NOMER="7027200" TEKPOKAZANIE="616.000" DATE="2013-09-25 08:15:06"/>
      </SCH>
    </LS>
    <LS KOD="08280231">
      <SCH>
        <SCH ID="08280231.1" NAIM="с/уз ХВ" TYPE="Водосчетчик ХВ" NOMER="11306008" TEKPOKAZANIE="152.800" DATE="2013-09-22 23:39:49"/>
        <SCH ID="08280231.2" NAIM="с/уз ГВ" TYPE="Водосчетчик ГВ" NOMER="15675355" TEKPOKAZANIE="76.550" DATE="2013-09-22 23:39:49"/>
      </SCH>
    </LS>
    <LS KOD="08300165">
      <SCH>
        <SCH ID="08300165.1" NAIM="Водосчетчик ХВ" TYPE="Водосчетчик ХВ" NOMER="11502589" TEKPOKAZANIE="94.000" DATE="2013-09-23 16:17:26"/>
        <SCH ID="08300165.2" NAIM="Водосчетчик ГВ" TYPE="Водосчетчик ГВ" NOMER="23008031" TEKPOKAZANIE="34.000" DATE="2013-09-23 16:17:26"/>
      </SCH>
    </LS>
    <LS KOD="04070020">
      <SCH>
        <SCH ID="04070020.2" NAIM="Водосчетчик ХВ" TYPE="Водосчетчик ХВ" NOMER="80623112" TEKPOKAZANIE="100.000" DATE="2013-09-25 05:32:58"/>
      </SCH>
    </LS>
    <LS KOD="08300246">
      <SCH>
        <SCH ID="08300246.1" NAIM="Водосчетчик ХВ" TYPE="Водосчетчик ХВ" NOMER="22039533" TEKPOKAZANIE="67.000" DATE="2013-09-23 19:58:01"/>
        <SCH ID="08300246.2" NAIM="Водосчетчик ГВ" TYPE="Водосчетчик ГВ" NOMER="22039529" TEKPOKAZANIE="31.000" DATE="2013-09-23 19:58:01"/>
        <SCH ID="08300246.4" NAIM="Счетчик э/э" TYPE="Счетчик э/э" NOMER="001514513" TEKPOKAZANIE="790.000" DATE="2013-09-23 19:58:01"/>
      </SCH>
    </LS>
    <LS KOD="08280213">
      <SCH>
        <SCH ID="08280213.1" NAIM="ванна ХВ" TYPE="Водосчетчик ХВ" NOMER="1204019" TEKPOKAZANIE="103.000" DATE="2013-09-24 11:36:24"/>
        <SCH ID="08280213.2" NAIM="ванна ГВ" TYPE="Водосчетчик ГВ" NOMER="1214015" TEKPOKAZANIE="44.000" DATE="2013-09-24 11:36:24"/>
        <SCH ID="08280213.3" NAIM="Кухня ХВ" TYPE="Водосчетчик ХВ" NOMER="1204015" TEKPOKAZANIE="9.000" DATE="2013-09-24 11:36:24"/>
        <SCH ID="08280213.6" NAIM="Кухня ГВ" TYPE="Водосчетчик ГВ" NOMER="22319304" TEKPOKAZANIE="6.000" DATE="2013-09-24 11:36:24"/>
      </SCH>
    </LS>
    <LS KOD="08300174">
      <SCH>
        <SCH ID="08300174.3" NAIM="Водосчетчик ХВ" TYPE="Водосчетчик ХВ" NOMER="2011-2358571" TEKPOKAZANIE="34.600" DATE="2013-09-24 12:59:09"/>
        <SCH ID="08300174.4" NAIM="Водосчетчик ГВ" TYPE="Водосчетчик ГВ" NOMER="2011-2548556" TEKPOKAZANIE="11.200" DATE="2013-09-24 12:59:09"/>
        <SCH ID="08300174.6" NAIM="Водосчетчик ХВ" TYPE="Водосчетчик ХВ" NOMER="2558651" TEKPOKAZANIE="11.620" DATE="2013-09-24 12:59:09"/>
        <SCH ID="08300174.7" NAIM="Водосчетчик ГВ" TYPE="Водосчетчик ГВ" NOMER="2548411" TEKPOKAZANIE="5.400" DATE="2013-09-24 12:59:09"/>
      </SCH>
    </LS>
    <LS KOD="08300223">
      <SCH>
        <SCH ID="08300223.1" NAIM="Водосчетчик ХВ" TYPE="Водосчетчик ХВ" NOMER="25029639" TEKPOKAZANIE="123.000" DATE="2013-09-24 10:44:51"/>
        <SCH ID="08300223.2" NAIM="Водосчетчик ГВ" TYPE="Водосчетчик ГВ" NOMER="23008046" TEKPOKAZANIE="76.000" DATE="2013-09-24 10:44:51"/>
        <SCH ID="08300223.3" NAIM="Водосчетчик ХВ" TYPE="Водосчетчик ХВ" NOMER="11502547" TEKPOKAZANIE="25.000" DATE="2013-09-24 10:44:51"/>
        <SCH ID="08300223.4" NAIM="Водосчетчик ГВ" TYPE="Водосчетчик ГВ" NOMER="23064823" TEKPOKAZANIE="27.000" DATE="2013-09-24 10:44:51"/>
      </SCH>
    </LS>
    <LS KOD="08300145">
      <SCH>
        <SCH ID="08300145.1" NAIM="Водосчетчик ХВ" TYPE="Водосчетчик ХВ" NOMER="25635856" TEKPOKAZANIE="7.000" DATE="2013-09-20 10:06:04"/>
        <SCH ID="08300145.2" NAIM="Водосчетчик ГВ" TYPE="Водосчетчик ГВ" NOMER="25712584" TEKPOKAZANIE="3.000" DATE="2013-09-20 10:06:04"/>
      </SCH>
    </LS>
    <LS KOD="04150021">
      <SCH>
        <SCH ID="04150021.1" NAIM="Водосчетчик ГВ" TYPE="Водосчетчик ГВ" NOMER="12168036" TEKPOKAZANIE="254.000" DATE="2013-09-24 13:34:33"/>
        <SCH ID="04150021.2" NAIM="Водосчетчик ХВ" TYPE="Водосчетчик ХВ" NOMER="12168778" TEKPOKAZANIE="322.000" DATE="2013-09-24 13:34:33"/>
      </SCH>
    </LS>
    <LS KOD="08280114">
      <SCH>
        <SCH ID="08280114.1" NAIM="Водосчетчик ХВ" TYPE="Водосчетчик ХВ" NOMER="20955226" TEKPOKAZANIE="38.500" DATE="2013-09-24 12:44:50"/>
        <SCH ID="08280114.2" NAIM="Водосчетчик ГВ" TYPE="Водосчетчик ГВ" NOMER="20900445" TEKPOKAZANIE="23.000" DATE="2013-09-24 12:44:50"/>
      </SCH>
    </LS>
    <LS KOD="04170040">
      <SCH>
        <SCH ID="04170040.1" NAIM="Водосчетчик ГВ" TYPE="Водосчетчик ГВ" NOMER="1019056687805" TEKPOKAZANIE="263.000" DATE="2013-09-23 11:29:03"/>
        <SCH ID="04170040.2" NAIM="Водосчетчик ХВ" TYPE="Водосчетчик ХВ" NOMER="1019056677905" TEKPOKAZANIE="401.000" DATE="2013-09-23 11:29:03"/>
      </SCH>
    </LS>
    <LS KOD="08280143">
      <SCH>
        <SCH ID="08280143.2" NAIM="Водосчетчик ХВ" TYPE="Водосчетчик ХВ" NOMER="21849271" TEKPOKAZANIE="33.000" DATE="2013-09-20 09:05:14"/>
        <SCH ID="08280143.3" NAIM="Водосчетчик ГВ" TYPE="Водосчетчик ГВ" NOMER="21782521" TEKPOKAZANIE="20.000" DATE="2013-09-20 09:05:14"/>
      </SCH>
    </LS>
    <LS KOD="04070030">
      <SCH>
        <SCH ID="04070030.1" NAIM="Водосчетчик ГВ" TYPE="Водосчетчик ГВ" NOMER="80627692" TEKPOKAZANIE="395.000" DATE="2013-09-15 20:46:34"/>
        <SCH ID="04070030.2" NAIM="Водосчетчик ХВ" TYPE="Водосчетчик ХВ" NOMER="80627691" TEKPOKAZANIE="680.000" DATE="2013-09-15 20:46:34"/>
        <SCH ID="04070030.3" NAIM="Счетчик э/э" TYPE="Счетчик э/э" NOMER="295756" TEKPOKAZANIE="24067.000" DATE="2013-09-15 20:46:34"/>
      </SCH>
    </LS>
    <LS KOD="07030019">
      <SCH>
        <SCH ID="07030019.1" NAIM="Водосчетчик ХВ" TYPE="Водосчетчик ХВ" NOMER="1366574" TEKPOKAZANIE="130.000" DATE="2013-09-19 21:20:10"/>
        <SCH ID="07030019.2" NAIM="Водосчетчик ГВ" TYPE="Водосчетчик ГВ" NOMER="1513402" TEKPOKAZANIE="122.000" DATE="2013-09-19 21:20:10"/>
      </SCH>
    </LS>
    <LS KOD="08280176">
      <SCH>
        <SCH ID="08280176.1" NAIM="Водосчетчик ХВ" TYPE="Водосчетчик ХВ" NOMER="11198882" TEKPOKAZANIE="238.000" DATE="2013-09-22 17:16:29"/>
        <SCH ID="08280176.2" NAIM="Водосчетчик ГВ" TYPE="Водосчетчик ГВ" NOMER="21029779" TEKPOKAZANIE="88.000" DATE="2013-09-22 17:16:29"/>
      </SCH>
    </LS>
    <LS KOD="08300224">
      <SCH>
        <SCH ID="08300224.1" NAIM="Водосчетчик ХВ" TYPE="Водосчетчик ХВ" NOMER="25750914" TEKPOKAZANIE="51.000" DATE="2013-09-23 08:18:38"/>
        <SCH ID="08300224.2" NAIM="Водосчетчик ГВ" TYPE="Водосчетчик ГВ" NOMER="25720342" TEKPOKAZANIE="20.000" DATE="2013-09-23 08:18:38"/>
      </SCH>
    </LS>
    <LS KOD="08280194">
      <SCH>
        <SCH ID="08280194.2" NAIM="Водосчетчик ХВ" TYPE="Водосчетчик ХВ" NOMER="25229501" TEKPOKAZANIE="57.000" DATE="2013-09-24 07:54:21"/>
        <SCH ID="08280194.3" NAIM="Водосчетчик ГВ" TYPE="Водосчетчик ГВ" NOMER="25706149" TEKPOKAZANIE="2.800" DATE="2013-09-24 07:54:21"/>
      </SCH>
    </LS>
    <LS KOD="08300014">
      <SCH>
        <SCH ID="08300014.1" NAIM="Водосчетчик ХВ" TYPE="Водосчетчик ХВ" NOMER="25746972" TEKPOKAZANIE="19.070" DATE="2013-09-25 07:36:15"/>
        <SCH ID="08300014.2" NAIM="Водосчетчик ГВ" TYPE="Водосчетчик ГВ" NOMER="25746964" TEKPOKAZANIE="10.900" DATE="2013-09-25 07:36:15"/>
      </SCH>
    </LS>
    <LS KOD="04170059">
      <SCH>
        <SCH ID="04170059.1" NAIM="Водосчетчик ГВ" TYPE="Водосчетчик ГВ" NOMER="1019014867607" TEKPOKAZANIE="169.000" DATE="2013-09-23 18:36:21"/>
        <SCH ID="04170059.2" NAIM="Водосчетчик ХВ" TYPE="Водосчетчик ХВ" NOMER="1019055958203" TEKPOKAZANIE="352.000" DATE="2013-09-23 18:36:21"/>
      </SCH>
    </LS>
    <LS KOD="07020027">
      <SCH>
        <SCH ID="07020027.1" NAIM="Водосчетчик ХВ" TYPE="Водосчетчик ХВ" NOMER="10772720" TEKPOKAZANIE="177.000" DATE="2013-09-22 01:02:14"/>
        <SCH ID="07020027.2" NAIM="Водосчетчик ГВ" TYPE="Водосчетчик ГВ" NOMER="16962170" TEKPOKAZANIE="186.000" DATE="2013-09-22 01:02:14"/>
      </SCH>
    </LS>
    <LS KOD="04130037">
      <SCH>
        <SCH ID="04130037.1" NAIM="2 этаж ГВ" TYPE="Водосчетчик ГВ" NOMER="13474439" TEKPOKAZANIE="277.000" DATE="2013-09-19 18:21:21"/>
        <SCH ID="04130037.2" NAIM="2 этаж ХВ" TYPE="Водосчетчик ХВ" NOMER="13473950" TEKPOKAZANIE="278.000" DATE="2013-09-19 18:21:21"/>
        <SCH ID="04130037.3" NAIM="Счетчик э/э" TYPE="Счетчик э/э" NOMER="61368308" TEKPOKAZANIE="24401.000" DATE="2013-09-19 18:21:21"/>
        <SCH ID="04130037.4" NAIM="1 этаж ГВ" TYPE="Водосчетчик ГВ" NOMER="13482179" TEKPOKAZANIE="104.000" DATE="2013-09-19 18:21:21"/>
        <SCH ID="04130037.5" NAIM="1 этаж ХВ" TYPE="Водосчетчик ХВ" NOMER="13473883" TEKPOKAZANIE="172.000" DATE="2013-09-19 18:21:21"/>
      </SCH>
    </LS>
    <LS KOD="04150046">
      <SCH>
        <SCH ID="04150046.1" NAIM="Водосчетчик ГВ" TYPE="Водосчетчик ГВ" NOMER="14229471" TEKPOKAZANIE="286.000" DATE="2013-09-20 09:20:02"/>
        <SCH ID="04150046.2" NAIM="Водосчетчик ХВ" TYPE="Водосчетчик ХВ" NOMER="12188275" TEKPOKAZANIE="460.000" DATE="2013-09-20 09:20:02"/>
      </SCH>
    </LS>
    <LS KOD="08300060">
      <SCH>
        <SCH ID="08300060.1" NAIM="Водосчетчик ХВ" TYPE="Водосчетчик ХВ" NOMER="22997960" TEKPOKAZANIE="40.320" DATE="2013-09-24 09:50:59"/>
        <SCH ID="08300060.2" NAIM="Водосчетчик ГВ" TYPE="Водосчетчик ГВ" NOMER="22055850" TEKPOKAZANIE="12.380" DATE="2013-09-24 09:50:59"/>
        <SCH ID="08300060.3" NAIM="Счетчик э/э" TYPE="Счетчик э/э" NOMER="082666712" TEKPOKAZANIE="1763.000" DATE="2013-09-24 09:50:59"/>
      </SCH>
    </LS>
    <LS KOD="08300066">
      <SCH>
        <SCH ID="08300066.1" NAIM="Водосчетчик ХВ" TYPE="Водосчетчик ХВ" NOMER="25033128" TEKPOKAZANIE="51.000" DATE="2013-09-20 09:04:00"/>
        <SCH ID="08300066.2" NAIM="Водосчетчик ГВ" TYPE="Водосчетчик ГВ" NOMER="25052207" TEKPOKAZANIE="40.000" DATE="2013-09-20 09:04:00"/>
      </SCH>
    </LS>
    <LS KOD="08280025">
      <SCH>
        <SCH ID="08280025.2" NAIM="Водосчетчик ХВ" TYPE="Водосчетчик ХВ" NOMER="18365710" TEKPOKAZANIE="106.000" DATE="2013-09-22 19:44:38"/>
        <SCH ID="08280025.3" NAIM="Водосчетчик ГВ" TYPE="Водосчетчик ГВ" NOMER="18373318" TEKPOKAZANIE="57.000" DATE="2013-09-22 19:44:38"/>
      </SCH>
    </LS>
    <LS KOD="08300112">
      <SCH>
        <SCH ID="08300112.1" NAIM="Водосчетчик ХВ" TYPE="Водосчетчик ХВ" NOMER="25776312" TEKPOKAZANIE="44.000" DATE="2013-09-23 21:03:08"/>
        <SCH ID="08300112.2" NAIM="Водосчетчик ГВ" TYPE="Водосчетчик ГВ" NOMER="25776572" TEKPOKAZANIE="20.000" DATE="2013-09-23 21:03:08"/>
      </SCH>
    </LS>
    <LS KOD="08300253">
      <SCH>
        <SCH ID="08300253.1" NAIM="Водосчетчик ХВ" TYPE="Водосчетчик ХВ" NOMER="25259648" TEKPOKAZANIE="106.000" DATE="2013-09-23 12:10:30"/>
        <SCH ID="08300253.2" NAIM="Водосчетчик ГВ" TYPE="Водосчетчик ГВ" NOMER="25259654" TEKPOKAZANIE="38.000" DATE="2013-09-23 12:10:30"/>
      </SCH>
    </LS>
    <LS KOD="04170034">
      <SCH>
        <SCH ID="04170034.2" NAIM="Водосчетчик ХВ" TYPE="Водосчетчик ХВ" NOMER="1019056691000" TEKPOKAZANIE="451.000" DATE="2013-09-23 19:48:52"/>
        <SCH ID="04170034.4" NAIM="Водосчетчик ГВ(НОВЫЙ)" TYPE="Водосчетчик ГВ" NOMER="28388162" TEKPOKAZANIE="49.000" DATE="2013-09-23 19:48:52"/>
      </SCH>
    </LS>
    <LS KOD="07010018">
      <SCH>
        <SCH ID="07010018.1" NAIM="Водосчетчик ГВ" TYPE="Водосчетчик ГВ" NOMER="13214821" TEKPOKAZANIE="52.000" DATE="2013-09-15 20:56:18"/>
        <SCH ID="07010018.2" NAIM="Водосчетчик ГВ" TYPE="Водосчетчик ГВ" NOMER="13220937" TEKPOKAZANIE="94.000" DATE="2013-09-15 20:56:18"/>
        <SCH ID="07010018.3" NAIM="Водосчетчик ХВ" TYPE="Водосчетчик ХВ" NOMER="13221070" TEKPOKAZANIE="40.700" DATE="2013-09-15 20:56:18"/>
        <SCH ID="07010018.4" NAIM="Водосчетчик ХВ" TYPE="Водосчетчик ХВ" NOMER="13220956" TEKPOKAZANIE="183.000" DATE="2013-09-15 20:56:18"/>
      </SCH>
    </LS>
    <LS KOD="11020052">
      <SCH>
        <SCH ID="11020052.1" NAIM="Водосчетчик ХВ" TYPE="Водосчетчик ХВ" NOMER="26732782" TEKPOKAZANIE="29.830" DATE="2013-09-25 07:30:23"/>
        <SCH ID="11020052.2" NAIM="Водосчетчик ГВ" TYPE="Водосчетчик ГВ" NOMER="25952398" TEKPOKAZANIE="16.050" DATE="2013-09-25 07:30:23"/>
        <SCH ID="11020052.3" NAIM="Водосчетчик ХВ" TYPE="Водосчетчик ХВ" NOMER="26731668" TEKPOKAZANIE="6.010" DATE="2013-09-25 07:30:23"/>
        <SCH ID="11020052.4" NAIM="Водосчетчик ГВ" TYPE="Водосчетчик ГВ" NOMER="25952392" TEKPOKAZANIE="4.920" DATE="2013-09-25 07:30:23"/>
      </SCH>
    </LS>
    <LS KOD="08300139">
      <SCH>
        <SCH ID="08300139.1" NAIM="Водосчетчик ХВ" TYPE="Водосчетчик ХВ" NOMER="25938302" TEKPOKAZANIE="55.000" DATE="2013-09-23 21:42:49"/>
        <SCH ID="08300139.2" NAIM="Водосчетчик ГВ" TYPE="Водосчетчик ГВ" NOMER="25938654" TEKPOKAZANIE="30.000" DATE="2013-09-23 21:42:49"/>
      </SCH>
    </LS>
    <LS KOD="08320220">
      <SCH>
        <SCH ID="08320220.1" NAIM="Счетчик э/э" TYPE="Счетчик э/э" NOMER="93927212" TEKPOKAZANIE="430.000" DATE="2013-09-23 20:12:09"/>
        <SCH ID="08320220.2" NAIM="Кухня ХВ" TYPE="Водосчетчик ХВ" NOMER="28225433" TEKPOKAZANIE="6.000" DATE="2013-09-23 20:12:09"/>
        <SCH ID="08320220.4" NAIM="Ванная ХВ" TYPE="Водосчетчик ХВ" NOMER="28225484" TEKPOKAZANIE="11.000" DATE="2013-09-23 20:12:09"/>
      </SCH>
    </LS>
    <LS KOD="08280108">
      <SCH>
        <SCH ID="08280108.1" NAIM="с/узХВ" TYPE="Водосчетчик ХВ" NOMER="21522626" TEKPOKAZANIE="70.000" DATE="2013-09-23 23:07:53"/>
        <SCH ID="08280108.2" NAIM="с/уз ГВ" TYPE="Водосчетчик ГВ" NOMER="21522600" TEKPOKAZANIE="44.000" DATE="2013-09-23 23:07:53"/>
      </SCH>
    </LS>
    <LS KOD="08320129">
      <SCH>
        <SCH ID="08320129.1" NAIM="Счетчик э/э" TYPE="Счетчик э/э" NOMER="082170812" TEKPOKAZANIE="19.000" DATE="2013-09-14 13:25:18"/>
        <SCH ID="08320129.2" NAIM="Водосчетчик ХВ" TYPE="Водосчетчик ХВ" NOMER="28867663" TEKPOKAZANIE="2.000" DATE="2013-09-14 13:25:18"/>
        <SCH ID="08320129.3" NAIM="Водосчетчик ГВ" TYPE="Водосчетчик ГВ" NOMER="28867674" TEKPOKAZANIE="2.000" DATE="2013-09-14 13:25:18"/>
      </SCH>
    </LS>
    <LS KOD="04090027">
      <SCH>
        <SCH ID="04090027.1" NAIM="Водосчетчик ГВ" TYPE="Водосчетчик ГВ" NOMER="94001" TEKPOKAZANIE="189.000" DATE="2013-09-19 13:57:21"/>
        <SCH ID="04090027.2" NAIM="Водосчетчик ХВ" TYPE="Водосчетчик ХВ" NOMER="1018057139504" TEKPOKAZANIE="321.000" DATE="2013-09-19 13:57:21"/>
        <SCH ID="04090027.3" NAIM="Счетчик э/э" TYPE="Счетчик э/э" NOMER="61361208" TEKPOKAZANIE="8022.000" DATE="2013-09-19 13:57:21"/>
      </SCH>
    </LS>
    <LS KOD="08320140">
      <SCH>
        <SCH ID="08320140.1" NAIM="Водосчетчик ХВ" TYPE="Водосчетчик ХВ" NOMER="29619066" TEKPOKAZANIE="2.700" DATE="2013-09-25 07:59:55"/>
        <SCH ID="08320140.2" NAIM="Водосчетчик ГВ" TYPE="Водосчетчик ГВ" NOMER="29619042" TEKPOKAZANIE="1.370" DATE="2013-09-25 07:59:55"/>
        <SCH ID="08320140.3" NAIM="Счетчик э/э" TYPE="Счетчик э/э" NOMER="081483312" TEKPOKAZANIE="50.200" DATE="2013-09-25 07:59:55"/>
      </SCH>
    </LS>
    <LS KOD="08320161">
      <SCH>
        <SCH ID="08320161.1" NAIM="Водосчетчик ХВ" TYPE="Водосчетчик ХВ" NOMER="28306350" TEKPOKAZANIE="8.000" DATE="2013-09-23 18:38:00"/>
        <SCH ID="08320161.2" NAIM="Водосчетчик ГВ" TYPE="Водосчетчик ГВ" NOMER="29260369" TEKPOKAZANIE="4.000" DATE="2013-09-23 18:38:00"/>
        <SCH ID="08320161.3" NAIM="Счетчик э/э" TYPE="Счетчик э/э" NOMER="082655312" TEKPOKAZANIE="61.000" DATE="2013-09-23 18:38:00"/>
      </SCH>
    </LS>
    <LS KOD="04050015">
      <SCH>
        <SCH ID="04050015.1" NAIM="Водосчетчик ГВ" TYPE="Водосчетчик ГВ" NOMER="039213" TEKPOKAZANIE="474.000" DATE="2013-09-21 13:18:53"/>
        <SCH ID="04050015.2" NAIM="Водосчетчик ХВ" TYPE="Водосчетчик ХВ" NOMER="256897" TEKPOKAZANIE="670.000" DATE="2013-09-21 13:18:53"/>
        <SCH ID="04050015.3" NAIM="Счетчик э/э" TYPE="Счетчик э/э" NOMER="39009923" TEKPOKAZANIE="16392.000" DATE="2013-09-21 13:18:53"/>
      </SCH>
    </LS>
    <LS KOD="04150041">
      <SCH>
        <SCH ID="04150041.1" NAIM="Водосчетчик ГВ" TYPE="Водосчетчик ГВ" NOMER="12198583" TEKPOKAZANIE="292.000" DATE="2013-09-22 15:54:10"/>
        <SCH ID="04150041.2" NAIM="Водосчетчик ХВ" TYPE="Водосчетчик ХВ" NOMER="12192789" TEKPOKAZANIE="434.000" DATE="2013-09-22 15:54:10"/>
      </SCH>
    </LS>
    <LS KOD="04170023">
      <SCH>
        <SCH ID="04170023.1" NAIM="Водосчетчик ГВ" TYPE="Водосчетчик ГВ" NOMER="14340971" TEKPOKAZANIE="335.000" DATE="2013-09-23 21:36:56"/>
        <SCH ID="04170023.2" NAIM="Водосчетчик ХВ" TYPE="Водосчетчик ХВ" NOMER="14341137" TEKPOKAZANIE="421.000" DATE="2013-09-23 21:36:56"/>
      </SCH>
    </LS>
    <LS KOD="04150054">
      <SCH>
        <SCH ID="04150054.1" NAIM="Водосчетчик ГВ" TYPE="Водосчетчик ГВ" NOMER="12185607" TEKPOKAZANIE="196.000" DATE="2013-09-22 19:59:54"/>
        <SCH ID="04150054.2" NAIM="Водосчетчик ХВ" TYPE="Водосчетчик ХВ" NOMER="14285485" TEKPOKAZANIE="344.000" DATE="2013-09-22 19:59:54"/>
      </SCH>
    </LS>
    <LS KOD="08300005">
      <SCH>
        <SCH ID="08300005.1" NAIM="Водосчетчик ХВ" TYPE="Водосчетчик ХВ" NOMER="30856530" TEKPOKAZANIE="4.500" DATE="2013-09-24 08:44:23"/>
        <SCH ID="08300005.2" NAIM="Водосчетчик ГВ" TYPE="Водосчетчик ГВ" NOMER="30674942" TEKPOKAZANIE="1.500" DATE="2013-09-24 08:44:23"/>
      </SCH>
    </LS>
    <LS KOD="07080062">
      <SCH>
        <SCH ID="07080062.2" NAIM="Ванна ГВ" TYPE="Водосчетчик ГВ" NOMER="20910091" TEKPOKAZANIE="65.000" DATE="2013-09-23 15:20:31"/>
        <SCH ID="07080062.3" NAIM="Ванна ХВ" TYPE="Водосчетчик ХВ" NOMER="20906157" TEKPOKAZANIE="105.000" DATE="2013-09-23 15:20:31"/>
        <SCH ID="07080062.4" NAIM="Кухня ХВ" TYPE="Водосчетчик ХВ" NOMER="20826837" TEKPOKAZANIE="46.000" DATE="2013-09-23 15:20:31"/>
        <SCH ID="07080062.5" NAIM="Кухня ГВ" TYPE="Водосчетчик ГВ" NOMER="20826886" TEKPOKAZANIE="36.000" DATE="2013-09-23 15:20:31"/>
      </SCH>
    </LS>
    <LS KOD="04150024">
      <SCH>
        <SCH ID="04150024.1" NAIM="Водосчетчик ГВ" TYPE="Водосчетчик ГВ" NOMER="14238357" TEKPOKAZANIE="94.000" DATE="2013-09-23 17:20:18"/>
        <SCH ID="04150024.2" NAIM="Водосчетчик ХВ" TYPE="Водосчетчик ХВ" NOMER="12162887" TEKPOKAZANIE="188.000" DATE="2013-09-23 17:20:18"/>
      </SCH>
    </LS>
    <LS KOD="08320250">
      <SCH>
        <SCH ID="08320250.1" NAIM="Водосчетчик ХВ" TYPE="Водосчетчик ХВ" NOMER="30684478" TEKPOKAZANIE="2.200" DATE="2013-09-22 21:20:00"/>
        <SCH ID="08320250.2" NAIM="Водосчетчик ГВ" TYPE="Водосчетчик ГВ" NOMER="30653127" TEKPOKAZANIE="1.200" DATE="2013-09-22 21:20:00"/>
      </SCH>
    </LS>
    <LS KOD="08280246">
      <SCH>
        <SCH ID="08280246.1" NAIM="Водосчетчик ХВ" TYPE="Водосчетчик ХВ" NOMER="11268864" TEKPOKAZANIE="215.000" DATE="2013-09-24 07:31:41"/>
        <SCH ID="08280246.2" NAIM="Водосчетчик ГВ" TYPE="Водосчетчик ГВ" NOMER="21134675" TEKPOKAZANIE="106.000" DATE="2013-09-24 07:31:41"/>
      </SCH>
    </LS>
    <LS KOD="08280105">
      <SCH>
        <SCH ID="08280105.2" NAIM="Кухня ХВ" TYPE="Водосчетчик ХВ" NOMER="1204006" TEKPOKAZANIE="0.561" DATE="2013-09-23 09:00:12"/>
        <SCH ID="08280105.3" NAIM="Кухня ГВ" TYPE="Водосчетчик ГВ" NOMER="21847694" TEKPOKAZANIE="1.506" DATE="2013-09-23 09:01:32"/>
        <SCH ID="08280105.4" NAIM="с/уз ХВ" TYPE="Водосчетчик ХВ" NOMER="1204009" TEKPOKAZANIE="47.473" DATE="2013-09-23 09:01:04"/>
        <SCH ID="08280105.5" NAIM="с/уз ГВ" TYPE="Водосчетчик ГВ" NOMER="21847700" TEKPOKAZANIE="35.900" DATE="2013-09-23 09:01:32"/>
      </SCH>
    </LS>
    <LS KOD="08320001">
      <SCH>
        <SCH ID="08320001.1" NAIM="Водосчетчик ХВ" TYPE="Водосчетчик ХВ" NOMER="1012072481204" TEKPOKAZANIE="6.000" DATE="2013-09-15 18:17:11"/>
        <SCH ID="08320001.2" NAIM="Водосчетчик ГВ" TYPE="Водосчетчик ГВ" NOMER="1012072485400" TEKPOKAZANIE="3.000" DATE="2013-09-15 18:17:11"/>
        <SCH ID="08320001.3" NAIM="Счетчик э/э" TYPE="Счетчик э/э" NOMER="082667312" TEKPOKAZANIE="564.000" DATE="2013-09-15 18:17:11"/>
      </SCH>
    </LS>
    <LS KOD="04150040">
      <SCH>
        <SCH ID="04150040.1" NAIM="Водосчетчик ГВ" TYPE="Водосчетчик ГВ" NOMER="12199936" TEKPOKAZANIE="195.000" DATE="2013-09-22 12:24:18"/>
        <SCH ID="04150040.2" NAIM="Водосчетчик ХВ" TYPE="Водосчетчик ХВ" NOMER="12183432" TEKPOKAZANIE="357.000" DATE="2013-09-22 12:24:18"/>
      </SCH>
    </LS>
  </Item>
</Root>
