<?xml version="1.0" encoding="utf-8"?>
<Root>
  <FromSite>20130925120006</FromSite>
  <Item>
    <LS KOD="06810169">
      <SCH>
        <SCH ID="06810169.2" NAIM="ХВК 15395652" TYPE="холодная вода" NOMER="" TEKPOKAZANIE="62.000" DATE="2013-08-06 00:00:00"/>
        <SCH ID="06810169.4" NAIM="ХВВ 15226225" TYPE="холодная вода" NOMER="" TEKPOKAZANIE="312.000" DATE="2013-08-06 00:00:00"/>
        <SCH ID="06810169.5" NAIM="ЭЭ 051461308" TYPE="электроэнергия" NOMER="" TEKPOKAZANIE="8254.000" DATE="2013-08-06 00:00:00"/>
        <SCH ID="06810169.6" NAIM="ГВВ пр 15390030" TYPE="горячая вода (пропис)" NOMER="" TEKPOKAZANIE="175.000" DATE="2013-08-06 00:00:00"/>
        <SCH ID="06810169.7" NAIM="ГВК пр 15395627" TYPE="горячая вода (пропис)" NOMER="" TEKPOKAZANIE="72.000" DATE="2013-08-06 00:00:00"/>
      </SCH>
    </LS>
    <LS KOD="07200326">
      <SCH>
        <SCH ID="07200326.1" NAIM="ГВ-1 06 7628916" TYPE="горячая вода для непропис" NOMER="" TEKPOKAZANIE="37.000" DATE="2013-08-06 00:00:00"/>
        <SCH ID="07200326.2" NAIM="08 7171723  ХВ-1" TYPE="холодная вода" NOMER="" TEKPOKAZANIE="94.000" DATE="2013-08-06 00:00:00"/>
        <SCH ID="07200326.3" NAIM="ГВ-2 06 7658295" TYPE="горячая вода для непропис" NOMER="" TEKPOKAZANIE="168.000" DATE="2013-08-06 00:00:00"/>
        <SCH ID="07200326.4" NAIM="07 7608974 ХВ-2" TYPE="холодная вода" NOMER="" TEKPOKAZANIE="255.000" DATE="2013-08-06 00:00:00"/>
        <SCH ID="07200326.5" NAIM="ЭЭ" TYPE="электроэнергия" NOMER="" TEKPOKAZANIE="9918.000" DATE="2013-08-06 00:00:00"/>
      </SCH>
    </LS>
    <LS KOD="07200342">
      <SCH>
        <SCH ID="07200342.1" NAIM="ГВК 16324501" TYPE="горячая вода (пропис)" NOMER="" TEKPOKAZANIE="92.000" DATE="2013-08-06 00:00:00"/>
        <SCH ID="07200342.2" NAIM="ГВВ 16324547" TYPE="горячая вода (пропис)" NOMER="" TEKPOKAZANIE="124.000" DATE="2013-08-06 00:00:00"/>
        <SCH ID="07200342.3" NAIM="ХВК 10683016" TYPE="холодная вода" NOMER="" TEKPOKAZANIE="133.000" DATE="2013-08-06 00:00:00"/>
        <SCH ID="07200342.4" NAIM="ХВВ 10683174" TYPE="холодная вода" NOMER="" TEKPOKAZANIE="217.000" DATE="2013-08-06 00:00:00"/>
        <SCH ID="07200342.5" NAIM="электроэергии" TYPE="электроэнергия" NOMER="" TEKPOKAZANIE="16736.000" DATE="2013-08-06 00:00:00"/>
      </SCH>
    </LS>
    <LS KOD="06800107">
      <SCH>
        <SCH ID="06800107.1" NAIM="ХВК 17392414" TYPE="холодная вода" NOMER="" TEKPOKAZANIE="3.000" DATE="2013-08-06 00:00:00"/>
        <SCH ID="06800107.2" NAIM="ГВК 17392451" TYPE="горячая вода для непропис" NOMER="" TEKPOKAZANIE="2.000" DATE="2013-08-06 00:00:00"/>
        <SCH ID="06800107.3" NAIM="ХВВ 17392404" TYPE="холодная вода" NOMER="" TEKPOKAZANIE="37.000" DATE="2013-08-06 00:00:00"/>
        <SCH ID="06800107.4" NAIM="ГВВ 17392424" TYPE="горячая вода для непропис" NOMER="" TEKPOKAZANIE="69.000" DATE="2013-08-06 00:00:00"/>
        <SCH ID="06800107.5" NAIM="ЭЭ 05280395" TYPE="электроэнергия" NOMER="" TEKPOKAZANIE="1810.000" DATE="2013-08-06 00:00:00"/>
      </SCH>
    </LS>
    <LS KOD="06800031">
      <SCH>
        <SCH ID="06800031.1" NAIM="ХВК  01151" TYPE="холодная вода" NOMER="" TEKPOKAZANIE="52.000" DATE="2013-08-06 00:00:00"/>
        <SCH ID="06800031.3" NAIM="ХВВ 03365" TYPE="холодная вода" NOMER="" TEKPOKAZANIE="119.000" DATE="2013-08-06 00:00:00"/>
        <SCH ID="06800031.5" NAIM="ЭЭ 007791025008235" TYPE="электроэнергия" NOMER="" TEKPOKAZANIE="4687.000" DATE="2013-08-06 00:00:00"/>
        <SCH ID="06800031.6" NAIM="ГВВ пр162844" TYPE="горячая вода (пропис)" NOMER="" TEKPOKAZANIE="117.000" DATE="2013-08-06 00:00:00"/>
        <SCH ID="06800031.7" NAIM="ГВК пр164926" TYPE="горячая вода (пропис)" NOMER="" TEKPOKAZANIE="42.000" DATE="2013-08-06 00:00:00"/>
      </SCH>
    </LS>
    <LS KOD="03110117">
      <SCH>
        <SCH ID="03110117.2" NAIM="ХВВ 1011152582602" TYPE="Холодная вода" NOMER="" TEKPOKAZANIE="87.000" DATE="2013-08-06 00:00:00"/>
        <SCH ID="03110117.3" NAIM="ЭЭ 103568" TYPE="Электроэнергия" NOMER="" TEKPOKAZANIE="2900.000" DATE="2013-08-06 00:00:00"/>
        <SCH ID="03110117.4" NAIM="ГВВ  пр 1011152582206" TYPE="Горячая вода пропис" NOMER="" TEKPOKAZANIE="70.000" DATE="2013-08-06 00:00:00"/>
      </SCH>
    </LS>
  </Item>
</Root>
